radius_mean,perimeter_mean,"diagnosis(1=m, 0=b)",area_mean,radius_worst,perimeter_worst,area_worst,concavity_mean,concave points_mean,compactness_mean,concavity_worst,concave points_worst,compactness_worst
17.99,122.8,1,1001.0,25.38,184.6,2019.0,0.3001,0.1471,0.2776,0.7119,0.2654,0.6656
20.57,132.9,1,1326.0,24.99,158.8,1956.0,0.0869,0.07017,0.07864,0.2416,0.186,0.1866
19.69,130.0,1,1203.0,23.57,152.5,1709.0,0.1974,0.1279,0.1599,0.4504,0.243,0.4245
11.42,77.58,1,386.1,14.91,98.87,567.7,0.2414,0.1052,0.2839,0.6869,0.2575,0.8663
20.29,135.1,1,1297.0,22.54,152.2,1575.0,0.198,0.1043,0.1328,0.4,0.1625,0.205
12.45,82.57,1,477.1,15.47,103.4,741.6,0.1578,0.08089,0.17,0.5355,0.1741,0.5249
18.25,119.6,1,1040.0,22.88,153.2,1606.0,0.1127,0.074,0.109,0.3784,0.1932,0.2576
13.71,90.2,1,577.9,17.06,110.6,897.0,0.09366,0.05985,0.1645,0.2678,0.1556,0.3682
13.0,87.5,1,519.8,15.49,106.2,739.3,0.1859,0.09353,0.1932,0.539,0.206,0.5401
12.46,83.97,1,475.9,15.09,97.65,711.4,0.2273,0.08543,0.2396,1.105,0.221,1.058
16.02,102.7,1,797.8,19.19,123.8,1150.0,0.03299,0.03323,0.06669,0.1459,0.09975,0.1551
15.78,103.6,1,781.0,20.42,136.5,1299.0,0.09954,0.06606,0.1292,0.3965,0.181,0.5609
19.17,132.4,1,1123.0,20.96,151.7,1332.0,0.2065,0.1118,0.2458,0.3639,0.1767,0.3903
15.85,103.7,1,782.7,16.84,112.0,876.5,0.09938,0.05364,0.1002,0.2322,0.1119,0.1924
13.73,93.6,1,578.3,15.03,108.8,697.7,0.2128,0.08025,0.2293,0.6943,0.2208,0.7725
14.54,96.73,1,658.8,17.46,124.1,943.2,0.1639,0.07364,0.1595,0.7026,0.1712,0.6577
14.68,94.74,1,684.5,19.07,123.4,1138.0,0.07395,0.05259,0.072,0.2914,0.1609,0.1871
16.13,108.1,1,798.8,20.96,136.8,1315.0,0.1722,0.1028,0.2022,0.4784,0.2073,0.4233
19.81,130.0,1,1260.0,27.32,186.8,2398.0,0.1479,0.09498,0.1027,0.5372,0.2388,0.315
13.54,87.46,0,566.3,15.11,99.7,711.2,0.06664,0.04781,0.08129,0.239,0.1288,0.1773
13.08,85.63,0,520.0,14.5,96.09,630.5,0.04568,0.0311,0.127,0.189,0.07283,0.2776
9.504,60.34,0,273.9,10.23,65.13,314.9,0.02956,0.02076,0.06492,0.08867,0.06227,0.1148
15.34,102.5,1,704.4,18.07,125.1,980.9,0.2077,0.09756,0.2135,0.6305,0.2393,0.5954
21.16,137.2,1,1404.0,29.17,188.0,2615.0,0.1097,0.08632,0.1022,0.3155,0.2009,0.26
16.65,110.0,1,904.6,26.46,177.0,2215.0,0.1525,0.0917,0.1457,0.4695,0.2095,0.3578
17.14,116.0,1,912.7,22.25,152.4,1461.0,0.2229,0.1401,0.2276,0.3853,0.255,0.3949
14.58,97.41,1,644.8,17.62,122.4,896.9,0.1425,0.08783,0.1868,0.5539,0.2701,0.6643
18.61,122.1,1,1094.0,21.31,139.9,1403.0,0.149,0.07731,0.1066,0.3446,0.149,0.2117
15.3,102.4,1,732.4,20.27,149.3,1269.0,0.1683,0.08751,0.1697,0.6335,0.2024,0.611
17.57,115.0,1,955.1,20.01,134.9,1227.0,0.09875,0.07953,0.1157,0.2489,0.1456,0.2812
18.63,124.8,1,1088.0,23.15,160.5,1670.0,0.2319,0.1244,0.1887,0.6133,0.1848,0.4257
11.84,77.93,1,440.6,16.82,119.4,888.7,0.1218,0.05182,0.1516,0.6956,0.1546,0.5775
17.02,112.8,1,899.3,20.88,136.1,1344.0,0.2417,0.1203,0.1496,0.5588,0.1847,0.3559
19.27,127.9,1,1162.0,24.15,161.4,1813.0,0.1657,0.07593,0.1719,0.6091,0.1785,0.659
16.13,107.0,1,807.2,20.21,132.7,1261.0,0.1354,0.07752,0.1559,0.5274,0.1864,0.5804
16.74,110.1,1,869.5,20.01,133.5,1229.0,0.1348,0.06018,0.1336,0.5409,0.1813,0.3835
14.25,93.63,1,633.0,15.89,116.2,799.6,0.1319,0.05598,0.1098,0.5186,0.1447,0.4238
13.03,82.61,0,523.8,13.3,84.46,545.9,0.02562,0.02923,0.03766,0.04833,0.05013,0.04619
14.99,95.54,1,698.8,14.99,95.54,698.8,0.02398,0.02899,0.05131,0.02398,0.02899,0.05131
13.48,88.4,1,559.2,15.53,107.3,740.4,0.1063,0.05439,0.1255,0.503,0.2258,0.4225
13.44,86.18,1,563.0,15.93,102.5,787.9,0.0311,0.02031,0.06031,0.2085,0.1112,0.2043
10.95,71.9,1,371.1,12.84,87.22,514.0,0.1044,0.05669,0.1218,0.4023,0.1424,0.2698
19.07,128.3,1,1104.0,24.09,177.4,1651.0,0.2107,0.09961,0.219,0.7242,0.2493,0.7444
13.28,87.32,1,545.2,17.38,113.1,907.2,0.09847,0.06158,0.1436,0.3664,0.1492,0.3724
13.17,85.42,1,531.5,16.23,105.5,740.7,0.08259,0.05252,0.1047,0.3728,0.1607,0.3904
18.65,123.7,1,1076.0,22.82,150.6,1567.0,0.1974,0.1009,0.1686,0.7345,0.2378,0.509
8.196,51.71,0,201.9,8.964,57.26,242.2,0.01588,0.005917,0.05943,0.0688,0.02564,0.1357
13.17,85.98,1,534.6,15.67,102.8,759.4,0.1226,0.0734,0.1231,0.5006,0.2088,0.4166
12.05,78.04,0,449.3,13.76,89.88,582.6,0.06592,0.02749,0.09092,0.305,0.06548,0.2156
13.49,86.91,0,561.0,15.15,99.0,698.8,0.04751,0.03384,0.07698,0.2282,0.1282,0.1711
11.76,74.72,0,427.9,12.98,82.98,516.5,0.01657,0.01115,0.04966,0.05523,0.03715,0.08615
13.64,87.21,0,571.8,14.67,96.08,656.7,0.01857,0.01723,0.06059,0.105,0.08586,0.1582
11.94,75.71,0,437.6,13.1,83.67,527.2,0.01972,0.01349,0.04751,0.09203,0.06296,0.08906
18.22,120.3,1,1033.0,20.6,135.1,1321.0,0.1772,0.106,0.1485,0.2623,0.1325,0.2297
15.1,97.26,1,712.8,18.1,117.7,1030.0,0.05253,0.03334,0.07081,0.2712,0.153,0.2057
11.52,73.34,0,409.0,12.84,81.81,506.2,0.03036,0.02278,0.05473,0.09076,0.06316,0.0872
19.21,125.5,1,1152.0,26.14,170.1,2145.0,0.1323,0.08994,0.1267,0.3879,0.2091,0.3511
14.71,95.55,1,656.9,17.87,115.7,985.5,0.1293,0.08123,0.1365,0.3587,0.1834,0.429
13.05,82.61,0,527.2,14.23,90.24,624.1,0.000692,0.004167,0.03789,0.001845,0.01111,0.06191
8.618,54.34,0,224.5,9.507,59.9,274.9,0.02061,0.007799,0.05272,0.1168,0.04419,0.1239
10.17,64.55,0,311.9,11.02,69.86,368.6,0.01084,0.0129,0.08061,0.02168,0.02579,0.09866
8.598,54.66,0,221.8,9.565,62.06,273.9,0.03,0.009259,0.08963,0.09001,0.02778,0.1698
14.25,96.42,1,645.7,17.67,119.1,959.5,0.2135,0.08653,0.2008,0.6922,0.1785,0.6247
9.173,59.2,0,260.9,10.01,65.59,310.1,0.05988,0.0218,0.08751,0.1397,0.05087,0.1678
12.68,82.69,1,499.0,17.09,111.8,888.3,0.1128,0.06873,0.1262,0.4024,0.1716,0.4061
14.78,97.4,1,668.3,17.31,114.6,925.1,0.1267,0.09029,0.1479,0.3024,0.1614,0.3416
9.465,60.11,0,269.4,10.41,67.03,330.7,0.02172,0.01504,0.07773,0.09412,0.06517,0.1664
11.31,71.8,0,394.1,12.33,78.0,466.7,0.03709,0.0223,0.04701,0.1444,0.06961,0.09148
9.029,58.79,0,250.5,10.31,65.5,324.7,0.313,0.04375,0.1413,1.252,0.175,0.4365
12.78,81.37,0,502.5,13.46,85.67,554.9,0.03653,0.02864,0.05234,0.1039,0.05882,0.07061
18.94,123.6,1,1130.0,24.86,165.9,1866.0,0.108,0.07951,0.1029,0.2687,0.1789,0.2336
8.888,58.79,0,244.0,9.733,62.56,284.4,0.08606,0.02872,0.1531,0.1434,0.04786,0.2436
17.2,114.2,1,929.4,23.32,151.6,1681.0,0.1692,0.07944,0.183,0.6566,0.1899,0.7394
13.8,90.43,1,584.1,16.57,110.3,812.4,0.07789,0.05069,0.128,0.2779,0.1383,0.3542
12.31,79.19,0,470.9,14.11,89.71,611.1,0.03372,0.02272,0.06829,0.1703,0.0866,0.1843
16.07,104.1,1,817.7,19.77,128.8,1223.0,0.09769,0.06638,0.08424,0.2829,0.152,0.2045
13.53,87.91,0,559.2,14.08,91.36,605.5,0.06877,0.06556,0.1047,0.08539,0.07407,0.1379
18.05,120.2,1,1006.0,22.39,150.1,1610.0,0.1684,0.108,0.2146,0.3786,0.2102,0.5634
20.18,143.7,1,1245.0,23.37,170.3,1623.0,0.3754,0.1604,0.3454,0.7681,0.2508,0.6164
12.86,83.19,0,506.3,14.24,91.88,622.1,0.03889,0.02315,0.09546,0.1731,0.07926,0.2141
11.45,73.81,0,401.5,13.11,84.53,525.1,0.04591,0.02233,0.09362,0.1755,0.06127,0.1676
13.34,86.49,0,520.0,15.53,96.66,614.9,0.1169,0.06987,0.1535,0.4858,0.1708,0.4791
25.22,171.5,1,1878.0,30.0,211.7,2562.0,0.3339,0.1845,0.2665,0.6476,0.2867,0.6076
19.1,129.1,1,1132.0,20.33,141.3,1298.0,0.1937,0.1469,0.1791,0.2432,0.1841,0.2817
12.0,76.95,0,443.3,13.67,87.78,567.9,0.04151,0.01863,0.07165,0.2267,0.07632,0.2003
18.46,121.1,1,1075.0,22.93,152.2,1603.0,0.1335,0.08795,0.1053,0.3157,0.1642,0.2089
14.48,94.25,1,648.2,16.21,108.4,808.9,0.1204,0.04938,0.09947,0.3349,0.1225,0.1976
19.02,122.0,1,1076.0,24.56,152.9,1623.0,0.1468,0.08271,0.1206,0.5755,0.1956,0.3206
12.36,79.78,0,466.1,13.83,91.46,574.7,0.06015,0.03745,0.09445,0.2434,0.1205,0.2463
14.64,95.77,0,651.9,16.34,109.4,803.6,0.09966,0.07064,0.1339,0.2604,0.1397,0.3089
14.62,94.57,0,662.7,16.11,102.9,803.7,0.03102,0.02957,0.08606,0.09189,0.06946,0.1766
15.37,100.2,1,728.2,16.43,107.5,830.9,0.1122,0.07483,0.1036,0.2846,0.1476,0.1997
13.27,84.74,0,551.7,16.36,104.5,830.6,0.03261,0.02648,0.05055,0.135,0.1001,0.1238
13.45,86.6,0,555.1,15.1,97.59,699.4,0.03974,0.0278,0.08165,0.1381,0.07911,0.1751
15.06,100.3,1,705.6,18.23,123.5,1025.0,0.17,0.08815,0.1553,0.5203,0.2115,0.4203
20.26,132.4,1,1264.0,24.22,156.1,1750.0,0.1465,0.08683,0.1313,0.4098,0.1573,0.3539
12.18,77.79,0,451.1,12.83,82.14,495.2,0.0249,0.02941,0.07057,0.0498,0.05882,0.09358
9.787,62.11,0,294.5,10.92,68.81,366.1,0.006829,0.007937,0.05301,0.02049,0.02381,0.09473
11.6,74.34,0,412.6,13.06,82.96,512.5,0.04196,0.0335,0.07525,0.1922,0.08449,0.1851
14.42,94.48,1,642.5,16.33,109.5,826.4,0.09388,0.05839,0.1141,0.3194,0.1565,0.3026
13.61,88.05,1,582.7,16.99,108.6,906.5,0.08625,0.04489,0.08511,0.3169,0.1184,0.1943
6.981,43.79,0,143.5,7.93,50.41,185.2,0.0,0.0,0.07568,0.0,0.0,0.1202
12.18,77.22,0,458.7,13.34,84.58,547.8,0.02383,0.0177,0.04038,0.1145,0.07431,0.08862
9.876,63.95,0,298.3,10.76,72.22,361.2,0.06154,0.03029,0.09697,0.2644,0.09749,0.2302
10.49,67.41,0,336.1,11.54,74.22,402.8,0.02995,0.01201,0.08578,0.07987,0.03203,0.1486
13.11,87.21,1,530.2,16.31,106.4,827.2,0.2071,0.09601,0.1765,0.6376,0.1986,0.4099
11.64,75.17,0,412.5,13.14,85.51,521.7,0.0707,0.03485,0.1017,0.2873,0.1218,0.266
12.36,79.01,0,466.7,13.29,85.56,544.1,0.02643,0.01921,0.06815,0.1937,0.08442,0.1963
22.27,152.8,1,1509.0,28.4,206.8,2360.0,0.4264,0.1823,0.2768,0.9608,0.291,0.6997
11.34,72.48,0,396.5,13.01,83.99,518.1,0.05133,0.01899,0.06575,0.312,0.08278,0.2196
9.777,62.5,0,290.2,11.05,71.68,367.0,0.04334,0.01778,0.08404,0.13,0.05334,0.1765
12.63,82.15,0,480.4,13.33,89.0,527.4,0.1065,0.06021,0.1209,0.2216,0.1105,0.225
14.26,97.83,0,629.9,15.3,107.0,709.0,0.3003,0.07798,0.2233,0.6783,0.1505,0.4193
10.51,68.64,0,334.2,11.16,72.62,374.4,0.06476,0.03068,0.1303,0.1295,0.06136,0.2049
8.726,55.84,0,230.9,9.628,64.48,284.4,0.04132,0.01924,0.08201,0.2456,0.105,0.2364
11.93,76.53,0,438.6,13.67,87.54,583.0,0.03328,0.02008,0.07849,0.1503,0.07247,0.2399
8.95,58.74,0,245.2,9.414,63.34,270.0,0.09263,0.02308,0.1243,0.1544,0.03846,0.1879
14.87,98.64,1,682.5,18.81,127.1,1095.0,0.169,0.08923,0.1649,0.4704,0.2027,0.448
15.78,105.7,1,782.6,20.19,130.3,1272.0,0.2133,0.09479,0.1752,0.7356,0.2034,0.4925
17.95,114.2,1,982.0,20.58,129.2,1261.0,0.07293,0.05596,0.06722,0.2249,0.1185,0.1202
11.41,73.34,0,403.3,12.82,83.74,510.5,0.03512,0.02623,0.06685,0.2102,0.08958,0.239
18.66,121.4,1,1077.0,22.25,145.4,1549.0,0.1457,0.08665,0.11,0.3272,0.1674,0.2291
24.25,166.2,1,1761.0,26.02,180.9,2073.0,0.4268,0.2012,0.2867,0.5803,0.2248,0.4244
14.5,94.28,0,640.7,15.7,102.8,745.5,0.08842,0.05778,0.1099,0.256,0.1221,0.1788
13.37,86.1,0,553.5,14.26,91.99,632.1,0.08092,0.028,0.07325,0.3308,0.08978,0.2531
13.85,88.44,0,588.7,15.49,100.3,725.9,0.0142,0.01141,0.06136,0.08115,0.05104,0.135
13.61,87.76,1,572.6,16.89,113.2,848.7,0.05285,0.03085,0.07862,0.3796,0.1329,0.2884
19.0,123.4,1,1138.0,22.32,148.2,1538.0,0.09271,0.05627,0.08028,0.3207,0.1218,0.2264
15.1,99.58,0,674.5,16.11,105.9,762.6,0.1138,0.08534,0.1807,0.196,0.1423,0.2883
19.79,130.4,1,1192.0,22.63,148.7,1589.0,0.2545,0.1149,0.1589,0.5673,0.1732,0.3861
12.19,79.08,0,455.8,13.34,91.38,545.2,0.02855,0.02882,0.09509,0.09915,0.08187,0.2585
15.46,101.7,1,748.9,19.26,124.9,1156.0,0.1466,0.08087,0.1223,0.3791,0.1514,0.2394
16.16,106.2,1,809.8,19.47,129.7,1175.0,0.1043,0.05613,0.1284,0.2992,0.1312,0.3055
15.71,102.0,0,761.7,17.5,114.3,922.8,0.07135,0.05933,0.09462,0.1709,0.1374,0.1949
18.45,120.2,1,1075.0,22.52,145.6,1590.0,0.1153,0.06847,0.09709,0.3965,0.1379,0.2275
12.77,81.72,1,506.3,14.49,92.04,653.6,0.04711,0.02704,0.05761,0.2177,0.09331,0.1523
11.71,74.72,0,423.6,13.33,86.16,546.7,0.03592,0.026,0.06095,0.1046,0.06968,0.1028
11.43,73.06,0,399.8,12.32,79.93,462.0,0.03503,0.02875,0.06889,0.1399,0.08476,0.1648
14.95,96.85,1,678.1,18.55,121.4,971.4,0.1539,0.08624,0.1305,0.3355,0.1667,0.2164
11.28,73.0,0,384.8,11.92,76.53,434.0,0.04635,0.04796,0.1136,0.08669,0.08611,0.1822
9.738,61.24,0,288.5,10.62,66.53,342.9,0.0,0.0,0.04102,0.0,0.0,0.07204
16.11,105.1,1,813.0,19.92,129.0,1233.0,0.09447,0.05943,0.1137,0.2802,0.1216,0.2236
11.43,73.66,0,398.0,12.78,82.66,503.0,0.02031,0.01861,0.09486,0.07708,0.06402,0.1792
12.9,83.74,0,512.2,14.48,97.17,643.8,0.04894,0.03088,0.09509,0.209,0.1012,0.2548
10.75,68.26,0,355.3,11.95,77.79,441.2,0.02251,0.007875,0.05139,0.09755,0.03413,0.1223
11.9,78.11,0,432.8,13.15,86.26,509.6,0.0371,0.03003,0.1296,0.0942,0.06042,0.2517
11.8,78.99,1,432.0,13.74,91.93,591.7,0.1659,0.07415,0.17,0.4504,0.1865,0.4092
14.95,97.84,0,689.5,16.25,107.1,809.7,0.0905,0.03562,0.1167,0.25,0.08405,0.2521
14.44,93.97,0,640.1,15.85,108.6,766.9,0.08487,0.05532,0.1021,0.3103,0.1599,0.2735
13.74,88.12,0,585.0,15.34,97.19,725.9,0.02881,0.01329,0.06376,0.1564,0.06019,0.1824
13.0,83.51,0,519.4,14.16,90.82,616.7,0.03136,0.02645,0.07589,0.08112,0.06296,0.1105
8.219,53.27,0,203.9,9.092,58.08,249.8,0.1321,0.02168,0.1305,0.5381,0.07879,0.431
9.731,63.78,0,300.2,11.02,71.04,380.5,0.4108,0.07857,0.1599,0.8216,0.1571,0.2772
11.15,70.87,0,381.9,11.99,76.25,440.8,0.01982,0.01786,0.05113,0.07116,0.05506,0.08971
13.15,85.31,0,538.9,14.77,97.67,677.3,0.09293,0.03483,0.08498,0.3009,0.09722,0.2256
12.25,78.27,0,460.3,13.59,86.6,564.2,0.03885,0.02331,0.06679,0.1943,0.08211,0.1788
17.68,117.4,1,963.7,20.47,132.9,1302.0,0.1855,0.1054,0.1665,0.3583,0.1515,0.3498
16.84,108.4,0,880.2,18.22,120.3,1032.0,0.0515,0.02771,0.07223,0.1882,0.08436,0.171
12.06,76.84,0,448.6,13.14,84.08,532.8,0.01972,0.01963,0.05241,0.08636,0.07025,0.1232
10.9,68.69,0,366.8,12.36,78.07,470.0,0.00309,0.006588,0.03718,0.01854,0.03953,0.08294
11.75,76.1,0,419.8,13.32,88.91,543.9,0.06843,0.03738,0.1141,0.1956,0.07909,0.1892
19.19,126.3,1,1157.0,22.03,146.6,1495.0,0.1193,0.09667,0.1185,0.2264,0.1777,0.2016
19.59,130.7,1,1214.0,26.73,174.9,2232.0,0.2508,0.1286,0.1666,0.681,0.2247,0.3846
12.34,79.85,0,464.5,13.58,87.36,553.0,0.0537,0.02822,0.1015,0.1688,0.08194,0.2338
23.27,152.1,1,1686.0,28.01,184.2,2403.0,0.1324,0.09702,0.1145,0.3948,0.2346,0.3583
14.97,95.5,0,690.2,15.98,102.3,782.1,0.01947,0.01939,0.05352,0.0775,0.05754,0.09995
10.8,68.77,0,357.6,11.6,73.66,414.0,0.02531,0.01698,0.05736,0.1047,0.04603,0.1257
16.78,109.3,1,886.3,20.05,130.7,1260.0,0.08422,0.06576,0.09182,0.2318,0.1474,0.2119
17.47,116.1,1,984.6,23.14,155.3,1660.0,0.2159,0.1043,0.1603,0.489,0.1721,0.383
14.97,96.22,0,685.9,16.11,104.6,793.7,0.02602,0.03781,0.07885,0.06648,0.08485,0.1637
12.32,78.85,0,464.1,13.5,86.97,549.1,0.03987,0.037,0.06981,0.1242,0.09391,0.1266
13.43,85.84,1,565.4,17.98,116.6,993.6,0.05858,0.03438,0.06288,0.2644,0.116,0.1546
15.46,102.5,1,736.9,18.79,125.0,1102.0,0.2032,0.1097,0.1555,0.583,0.1827,0.3583
11.08,70.21,0,372.7,11.35,72.01,396.5,0.02363,0.02583,0.05743,0.03938,0.04306,0.0824
10.66,67.49,0,349.6,11.54,73.2,408.3,0.0,0.0,0.04302,0.0,0.0,0.06791
8.671,54.42,0,227.2,9.262,58.36,259.2,0.0,0.0,0.04276,0.0,0.0,0.07057
9.904,64.6,0,302.4,11.26,73.07,390.2,0.1307,0.03716,0.1294,0.3486,0.0991,0.295
16.46,109.3,1,832.9,17.79,123.5,981.2,0.1793,0.08866,0.1556,0.5862,0.2035,0.4667
13.01,82.01,0,526.4,14.0,88.18,608.8,0.001595,0.001852,0.01938,0.007977,0.009259,0.03432
12.81,81.29,0,508.8,13.63,86.7,570.7,0.009193,0.0133,0.03774,0.02758,0.0399,0.05445
27.22,182.1,1,2250.0,33.12,220.8,3216.0,0.2871,0.1878,0.1914,0.534,0.2688,0.4034
21.09,142.7,1,1311.0,26.68,176.5,2089.0,0.2487,0.1496,0.2832,0.678,0.2903,0.7584
15.7,101.2,1,766.6,20.11,129.3,1269.0,0.06593,0.05189,0.08799,0.2902,0.1541,0.3547
11.41,73.53,0,402.0,12.37,79.12,467.2,0.06181,0.02361,0.08155,0.1648,0.06296,0.161
15.28,98.92,1,710.6,17.8,113.8,973.1,0.05375,0.03263,0.1052,0.363,0.1226,0.3299
10.08,63.76,0,317.5,11.87,75.39,437.0,0.001597,0.002404,0.04695,0.00692,0.01042,0.1019
18.31,118.6,1,1041.0,21.31,139.2,1410.0,0.08169,0.05814,0.08468,0.3538,0.1571,0.2445
11.71,74.68,0,420.3,13.01,84.42,521.5,0.03809,0.03239,0.06141,0.1521,0.1099,0.104
11.81,75.27,0,428.9,12.57,79.57,489.5,0.02353,0.01553,0.05562,0.08803,0.04306,0.1
12.3,78.83,0,463.7,13.35,86.65,546.7,0.03844,0.01654,0.07253,0.1423,0.04815,0.165
14.22,94.37,1,609.9,15.74,106.4,762.4,0.1981,0.06618,0.2413,0.8488,0.1772,0.9327
12.77,82.02,0,507.4,13.75,89.04,579.5,0.03112,0.02864,0.06601,0.05186,0.04773,0.08978
9.72,60.73,0,288.1,9.968,62.25,303.8,0.0,0.0,0.02344,0.0,0.0,0.02729
12.34,81.15,1,477.4,15.65,101.7,768.9,0.1085,0.04562,0.1353,0.4425,0.1459,0.4706
14.86,100.4,1,671.4,16.08,118.6,784.7,0.1697,0.08878,0.198,0.4589,0.1727,0.4648
12.91,82.53,0,516.4,13.88,90.81,600.6,0.03873,0.02377,0.05366,0.1764,0.08235,0.1506
13.77,90.63,1,588.9,16.39,111.6,806.9,0.1385,0.06526,0.1267,0.3809,0.1673,0.3122
18.08,117.4,1,1024.0,19.76,129.1,1228.0,0.1103,0.05778,0.08642,0.2535,0.09181,0.1963
19.18,127.5,1,1148.0,23.36,166.4,1688.0,0.1114,0.06772,0.1428,0.3865,0.1708,0.5601
14.45,94.49,1,642.7,18.33,117.9,1044.0,0.118,0.0598,0.1206,0.4967,0.1838,0.4056
12.23,78.54,0,461.0,14.44,92.15,638.4,0.04187,0.04107,0.08087,0.1377,0.108,0.2042
17.54,115.1,1,951.6,20.42,139.5,1239.0,0.1036,0.07488,0.1198,0.3508,0.1939,0.342
23.29,158.9,1,1685.0,25.12,177.0,1986.0,0.3523,0.162,0.2084,0.7892,0.2733,0.4167
13.81,91.56,1,597.8,19.2,128.5,1153.0,0.1558,0.09176,0.1768,0.4646,0.2013,0.5209
12.47,81.09,0,481.9,14.97,96.05,677.9,0.08005,0.03821,0.1058,0.2671,0.1015,0.2378
15.12,98.78,1,716.6,17.77,117.7,989.5,0.0755,0.04079,0.09588,0.3327,0.1252,0.3331
9.876,62.92,0,295.4,10.42,67.08,331.6,0.01756,0.01952,0.07232,0.06213,0.05588,0.1247
17.01,109.7,1,904.3,19.8,130.0,1210.0,0.0695,0.0539,0.07304,0.1932,0.1096,0.1486
13.11,87.02,0,529.4,14.55,99.48,639.3,0.08705,0.05102,0.1483,0.3162,0.1126,0.4402
15.27,98.17,0,725.5,17.38,113.7,932.7,0.05892,0.03157,0.0623,0.2962,0.1035,0.2186
20.58,134.7,1,1290.0,23.24,158.3,1656.0,0.164,0.09561,0.1348,0.3861,0.192,0.292
11.84,75.51,0,428.0,13.3,85.22,546.3,0.02669,0.01393,0.069,0.1471,0.06913,0.188
28.11,188.5,1,2499.0,28.11,188.5,2499.0,0.3201,0.1595,0.1516,0.3201,0.1595,0.1516
17.42,114.5,1,948.0,18.07,120.4,1021.0,0.1682,0.06597,0.1146,0.2803,0.1099,0.1793
14.19,92.87,1,610.7,16.86,115.0,811.3,0.1115,0.06462,0.1306,0.3744,0.1772,0.4059
13.86,90.96,1,578.9,15.75,104.4,750.1,0.09901,0.05602,0.1517,0.4636,0.1654,0.437
11.89,77.32,0,432.2,13.25,86.2,531.2,0.06636,0.03142,0.1154,0.2806,0.1138,0.3046
10.2,65.05,0,321.2,11.48,75.4,403.7,0.05774,0.01071,0.05907,0.1925,0.03571,0.1397
19.8,129.7,1,1230.0,25.73,170.3,2009.0,0.1272,0.08691,0.1306,0.3617,0.182,0.3235
19.53,128.0,1,1223.0,27.9,180.2,2477.0,0.1145,0.06637,0.113,0.3995,0.1625,0.4097
13.65,87.88,0,568.9,15.34,99.71,706.2,0.03888,0.02563,0.08711,0.1759,0.08056,0.2474
13.56,88.59,0,561.3,14.98,101.1,686.6,0.0786,0.04451,0.1192,0.2577,0.0909,0.2698
10.18,65.12,0,313.1,11.17,71.94,375.6,0.01768,0.01915,0.08502,0.06572,0.05575,0.144
15.75,102.6,1,761.3,19.56,125.9,1088.0,0.1147,0.06462,0.1204,0.3976,0.1479,0.448
13.27,84.55,0,546.4,15.14,98.84,708.8,0.03554,0.02456,0.04994,0.1786,0.09678,0.1311
14.34,92.51,0,641.2,16.77,110.4,873.2,0.05724,0.04603,0.07624,0.1632,0.1087,0.1525
10.44,66.62,0,329.6,11.52,73.47,395.4,0.006643,0.01216,0.07722,0.02639,0.04464,0.1153
15.0,97.45,0,684.5,16.41,114.2,808.2,0.06505,0.0378,0.1096,0.3402,0.1379,0.3627
12.62,81.35,0,496.4,14.2,90.67,624.0,0.05438,0.02036,0.07529,0.3911,0.118,0.3454
12.83,85.26,1,503.2,15.2,105.3,706.0,0.1695,0.06861,0.1799,0.6282,0.1977,0.5343
17.05,113.4,1,895.0,19.59,133.5,1189.0,0.191,0.109,0.1572,0.5018,0.2543,0.3934
11.32,71.76,0,395.7,12.08,79.82,452.3,0.01633,0.003125,0.03813,0.1089,0.02083,0.1432
11.22,70.79,0,386.8,12.36,78.44,470.9,0.004967,0.006434,0.03574,0.02318,0.03002,0.06885
20.51,134.4,1,1319.0,24.47,162.7,1872.0,0.1554,0.0834,0.1074,0.4146,0.1563,0.2761
9.567,60.21,0,279.6,10.51,65.74,335.9,0.01652,0.01667,0.04087,0.07161,0.07222,0.09515
14.03,89.79,0,603.4,15.33,98.27,715.5,0.01462,0.01896,0.06945,0.06231,0.07963,0.1513
23.21,153.5,1,1670.0,31.01,206.0,2944.0,0.195,0.1237,0.1682,0.582,0.2593,0.4126
20.48,132.5,1,1306.0,24.22,161.7,1750.0,0.09042,0.06022,0.08348,0.3158,0.1445,0.2311
14.22,92.55,0,623.9,15.75,102.5,764.0,0.1103,0.04408,0.1039,0.3064,0.08219,0.2426
17.46,113.4,1,920.6,22.51,141.2,1408.0,0.1417,0.08811,0.1298,0.3241,0.2066,0.3735
13.64,87.38,0,575.3,14.85,94.11,683.4,0.04705,0.03731,0.0663,0.1533,0.09222,0.1291
12.42,78.61,0,476.5,13.2,83.85,543.4,0.01053,0.01108,0.03393,0.06243,0.04052,0.07776
11.3,73.93,0,389.4,12.58,87.16,472.9,0.1548,0.02854,0.1325,0.7436,0.1218,0.4848
13.75,88.54,0,590.0,15.01,98.0,706.0,0.04697,0.02344,0.06807,0.1359,0.06106,0.1442
19.4,129.1,1,1155.0,21.65,144.9,1417.0,0.2049,0.08886,0.1558,0.3458,0.1564,0.2968
10.48,66.72,0,337.7,11.48,73.68,402.8,0.04831,0.0307,0.05971,0.1181,0.06736,0.1026
13.2,84.13,0,541.6,13.94,88.28,602.0,0.04336,0.01105,0.04524,0.2298,0.0497,0.1508
12.89,84.95,0,512.2,14.39,105.0,639.1,0.1374,0.0398,0.1346,0.7727,0.1561,0.5849
10.65,68.01,0,347.0,12.25,77.98,455.7,0.02379,0.01615,0.07234,0.1125,0.06136,0.1398
11.52,73.87,0,406.3,12.65,80.88,491.8,0.04328,0.02929,0.07808,0.1804,0.09608,0.1582
20.94,138.9,1,1364.0,25.58,165.3,2010.0,0.2712,0.131,0.1606,0.6991,0.2105,0.3172
11.5,73.28,0,407.4,12.97,83.12,508.9,0.02638,0.02069,0.05991,0.08105,0.06544,0.1049
19.73,130.7,1,1206.0,25.28,159.8,1933.0,0.2417,0.0974,0.1849,0.8489,0.2507,0.5955
17.3,113.0,1,928.2,19.85,130.9,1222.0,0.1266,0.08353,0.1041,0.3378,0.1857,0.2405
19.45,126.5,1,1169.0,25.7,163.1,1972.0,0.1379,0.08591,0.1188,0.4317,0.1999,0.3161
13.96,91.43,1,602.4,16.39,108.1,826.0,0.09789,0.05246,0.1279,0.3209,0.1374,0.3262
19.55,133.6,1,1207.0,25.05,178.6,1926.0,0.1784,0.1144,0.2063,0.4251,0.1941,0.5329
15.32,103.2,1,713.3,17.73,119.8,928.8,0.2448,0.1242,0.2284,0.4429,0.2229,0.4503
15.66,110.2,1,773.5,19.85,143.7,1226.0,0.3176,0.1377,0.3114,0.6181,0.2462,0.5172
15.53,103.7,1,744.9,18.49,126.3,1035.0,0.1751,0.08399,0.1639,0.5703,0.2014,0.5564
20.31,132.9,1,1288.0,24.33,162.3,1844.0,0.1519,0.09333,0.1088,0.3788,0.1697,0.2945
17.35,111.0,1,933.1,19.85,128.2,1218.0,0.02891,0.02837,0.0629,0.1211,0.08235,0.1486
17.29,114.4,1,947.8,20.39,137.9,1295.0,0.09697,0.07507,0.1273,0.2298,0.1528,0.2867
15.61,100.0,1,758.6,17.91,115.9,988.6,0.04209,0.02847,0.05616,0.226,0.08568,0.1807
17.19,111.6,1,928.3,21.58,140.5,1436.0,0.09061,0.06527,0.08995,0.3889,0.1984,0.2567
20.73,135.7,1,1419.0,32.49,214.0,3432.0,0.1367,0.08646,0.1143,0.3442,0.1659,0.2644
10.6,69.28,0,346.4,11.88,78.28,424.8,0.06387,0.02642,0.1147,0.1916,0.07926,0.2515
13.59,87.16,0,561.0,14.8,97.66,661.5,0.04072,0.02142,0.08259,0.1453,0.06189,0.173
12.87,82.38,0,512.2,13.9,89.27,597.5,0.039,0.01615,0.06219,0.1992,0.0578,0.1808
10.71,69.5,0,344.9,11.69,76.51,410.4,0.08448,0.02867,0.1289,0.2534,0.086,0.255
14.29,90.3,0,632.6,14.91,94.44,684.6,0.00725,0.00625,0.02675,0.03866,0.03333,0.05036
11.29,72.23,0,388.0,12.32,78.27,457.5,0.03265,0.02755,0.07608,0.1275,0.0875,0.1507
21.75,147.3,1,1491.0,28.19,195.9,2384.0,0.2195,0.1088,0.1961,0.5807,0.1841,0.4725
9.742,61.5,0,289.9,10.75,68.09,355.2,0.01103,0.01407,0.04689,0.04043,0.05159,0.0937
17.93,115.2,1,998.9,20.92,135.1,1320.0,0.05699,0.04744,0.07027,0.208,0.1136,0.1806
11.89,76.2,0,435.6,12.4,79.46,472.4,0.05929,0.07404,0.0721,0.07153,0.08946,0.08368
11.33,71.79,0,396.6,12.2,77.37,458.0,0.001487,0.003333,0.03872,0.004955,0.01111,0.07348
18.81,120.9,1,1102.0,19.96,129.0,1236.0,0.0802,0.05843,0.05884,0.221,0.1294,0.116
13.59,86.24,0,572.3,15.5,98.91,739.1,0.01997,0.01238,0.04052,0.106,0.05185,0.07622
13.85,88.99,0,587.4,14.98,98.37,670.0,0.04479,0.03711,0.07688,0.1456,0.09993,0.1724
19.16,126.2,1,1138.0,23.72,159.8,1724.0,0.1921,0.09664,0.1453,0.5754,0.1872,0.3841
11.74,74.24,0,427.3,13.31,84.7,533.7,0.02245,0.02763,0.0434,0.06735,0.0829,0.085
19.4,127.2,1,1145.0,23.79,152.4,1628.0,0.1626,0.09464,0.1442,0.4316,0.2252,0.3749
16.24,108.8,1,805.1,18.55,126.9,1031.0,0.1948,0.09052,0.1802,0.5026,0.1732,0.4706
12.89,84.08,0,516.6,13.9,92.12,595.6,0.1115,0.0339,0.0958,0.3344,0.1017,0.2317
12.58,79.83,0,489.0,13.5,85.56,564.1,0.00186,0.002924,0.04216,0.005579,0.008772,0.06624
11.94,77.87,0,441.0,13.24,92.2,546.1,0.06574,0.03791,0.1011,0.2365,0.1155,0.2813
12.89,81.89,0,515.9,13.62,87.4,577.0,0.0226,0.01171,0.03729,0.1186,0.05366,0.1147
11.26,73.72,0,394.1,11.86,78.27,437.6,0.09274,0.05588,0.1181,0.1546,0.09314,0.1843
11.37,72.17,0,396.0,12.36,79.29,459.3,0.02399,0.02173,0.05008,0.07529,0.06203,0.09708
14.41,96.03,0,651.0,15.77,101.7,767.3,0.1362,0.06602,0.1676,0.222,0.1021,0.2472
14.96,97.03,0,687.3,16.25,109.1,809.8,0.0594,0.04819,0.09823,0.1804,0.1489,0.303
12.95,83.14,0,513.7,13.74,88.81,585.4,0.06155,0.0337,0.07943,0.2241,0.1056,0.2068
11.85,75.54,0,432.7,13.06,84.35,517.8,0.02688,0.0228,0.05642,0.1316,0.0914,0.1758
12.72,81.78,0,492.1,13.5,88.54,553.7,0.01288,0.01924,0.08393,0.05233,0.06343,0.1472
13.77,88.06,0,582.7,14.67,94.17,661.1,0.01063,0.01917,0.06221,0.03732,0.05802,0.1072
10.91,69.14,0,363.7,11.37,72.42,392.2,0.01236,0.01369,0.04721,0.02884,0.03194,0.07506
11.76,75.0,1,431.1,13.36,85.1,553.6,0.02685,0.03515,0.05914,0.0612,0.0716,0.07974
14.26,91.22,0,633.1,16.22,105.8,819.7,0.02475,0.01374,0.0522,0.1565,0.0753,0.2167
10.51,66.85,0,334.2,10.93,70.1,362.7,0.02495,0.01875,0.06797,0.04158,0.03125,0.08614
19.53,129.5,1,1217.0,25.93,171.1,2053.0,0.2197,0.1062,0.1642,0.6121,0.198,0.4116
12.46,80.43,0,471.3,13.46,88.13,551.3,0.0683,0.03099,0.1014,0.1904,0.07625,0.2158
20.09,134.7,1,1247.0,23.68,158.8,1696.0,0.2283,0.128,0.1838,0.4932,0.1923,0.3391
10.49,66.86,0,334.3,11.06,70.76,375.4,0.02297,0.0178,0.06678,0.08423,0.06528,0.1044
11.46,73.59,0,403.1,12.68,82.69,489.8,0.03344,0.01502,0.07694,0.1226,0.05509,0.1789
11.6,74.23,0,417.2,12.44,81.39,476.5,0.01974,0.01313,0.05688,0.07239,0.04815,0.1361
13.2,84.07,0,537.3,14.41,92.0,636.9,0.001461,0.003261,0.05251,0.0112,0.025,0.1346
9.0,56.36,0,246.3,9.699,60.9,285.5,0.003681,0.003472,0.03116,0.01472,0.01389,0.05232
13.5,85.69,0,566.2,14.97,95.48,698.7,0.002758,0.004419,0.03614,0.01379,0.0221,0.05836
13.05,82.71,0,530.6,14.73,93.96,672.4,0.004559,0.008829,0.03735,0.01824,0.03532,0.05847
11.7,74.33,0,418.7,12.61,80.92,483.1,0.01583,0.01148,0.05253,0.07915,0.05741,0.1087
14.61,92.68,0,664.9,16.46,103.7,840.8,0.01447,0.01877,0.03515,0.04746,0.05813,0.07087
12.76,82.29,0,504.1,14.19,92.04,618.8,0.04052,0.02548,0.07948,0.1769,0.08411,0.2208
11.54,73.73,0,409.1,12.34,81.23,467.8,0.01367,0.008907,0.05969,0.08324,0.04715,0.1626
8.597,54.09,0,221.2,8.952,56.65,240.1,0.0,0.0,0.05847,0.0,0.0,0.07767
12.49,79.19,0,481.6,13.34,84.48,544.2,0.004473,0.006423,0.03834,0.01938,0.02784,0.04953
12.18,77.25,0,461.4,12.85,81.6,513.1,0.01123,0.005051,0.03212,0.04116,0.01852,0.05332
18.22,118.7,1,1027.0,21.84,140.9,1485.0,0.113,0.0795,0.1117,0.3853,0.1776,0.2763
9.042,60.07,0,244.5,10.06,68.62,297.1,0.1975,0.04908,0.1972,0.4609,0.1145,0.3748
12.43,78.6,0,477.3,12.9,81.76,515.9,0.01342,0.01699,0.03454,0.02237,0.02832,0.04712
10.25,66.52,0,324.2,11.28,71.53,390.4,0.06726,0.03965,0.1111,0.1898,0.09744,0.236
20.16,131.1,1,1274.0,23.06,150.2,1657.0,0.1155,0.07726,0.08564,0.2606,0.1425,0.1537
12.86,82.82,0,504.8,14.04,92.8,599.5,0.038,0.034,0.08834,0.1791,0.1155,0.2231
20.34,135.9,1,1264.0,25.3,171.1,1938.0,0.2565,0.1504,0.1875,0.5344,0.2685,0.4492
12.2,78.01,0,457.9,13.75,91.11,583.1,0.01994,0.01692,0.06545,0.1167,0.05556,0.1928
12.67,81.25,0,489.9,13.71,88.7,574.4,0.03193,0.02107,0.07664,0.102,0.05602,0.1212
14.11,90.03,0,616.5,15.53,98.4,749.9,0.01765,0.02733,0.05306,0.05307,0.0589,0.1109
12.03,76.09,0,446.0,13.07,82.74,523.4,0.001546,0.005592,0.03892,0.007732,0.02796,0.0739
16.27,106.9,1,813.7,19.28,129.8,1121.0,0.1478,0.08488,0.1319,0.3597,0.1583,0.2947
16.26,107.5,1,826.8,17.73,113.7,975.2,0.1799,0.07981,0.1283,0.3344,0.1047,0.2116
16.03,105.8,1,793.2,18.76,124.3,1070.0,0.1204,0.07041,0.1371,0.4956,0.1981,0.4478
12.98,84.52,0,514.0,14.42,99.21,634.3,0.07107,0.0295,0.1125,0.3439,0.09858,0.3253
11.22,71.94,0,387.3,11.98,76.91,436.1,0.005006,0.007583,0.06779,0.01335,0.02022,0.09669
11.25,71.38,0,390.0,12.76,82.08,492.7,0.0009737,0.002941,0.04458,0.005518,0.01667,0.09794
12.3,77.88,0,464.4,13.35,84.53,544.3,0.007756,0.008535,0.04202,0.03619,0.03983,0.09052
17.06,111.8,1,918.6,20.99,143.2,1362.0,0.1508,0.09934,0.1056,0.392,0.1827,0.2053
12.99,84.08,0,514.3,13.72,87.38,576.0,0.03738,0.02098,0.09965,0.145,0.0585,0.1975
18.77,122.9,1,1092.0,24.54,161.1,1873.0,0.106,0.0609,0.1402,0.4634,0.2048,0.4827
10.05,64.41,0,310.8,11.16,71.98,384.0,0.02511,0.01775,0.07326,0.1055,0.06499,0.1402
23.51,155.1,1,1747.0,30.67,202.4,2906.0,0.2308,0.141,0.1283,0.4819,0.2089,0.2678
14.42,94.15,0,641.2,16.67,111.4,862.1,0.08007,0.04223,0.1139,0.3755,0.1414,0.3371
9.606,61.64,0,280.5,10.75,71.25,353.6,0.08422,0.02292,0.09228,0.4341,0.0812,0.3416
11.06,71.49,0,373.9,11.92,79.76,440.0,0.05397,0.03341,0.09097,0.2299,0.1075,0.221
19.68,129.9,1,1194.0,22.75,157.6,1540.0,0.1863,0.1103,0.1339,0.4734,0.2255,0.3458
11.71,75.03,0,420.3,13.06,84.16,516.4,0.04006,0.0325,0.07281,0.1087,0.07864,0.1115
10.26,66.2,0,321.6,10.88,70.89,357.1,0.03581,0.02037,0.09159,0.07162,0.04074,0.1636
12.06,76.66,0,445.3,13.64,86.54,562.6,0.00751,0.008488,0.05794,0.04506,0.05093,0.1352
14.76,94.87,0,668.7,17.27,114.2,880.8,0.04608,0.03528,0.0778,0.2151,0.1251,0.2009
11.47,73.02,0,402.7,12.51,79.67,475.8,0.02587,0.02322,0.05886,0.09823,0.06548,0.112
11.95,77.23,0,426.7,12.81,83.09,496.2,0.01171,0.01787,0.1206,0.03122,0.04766,0.1885
11.66,73.7,0,421.0,13.28,83.61,542.5,0.008306,0.01162,0.0363,0.03046,0.04262,0.06476
15.75,107.1,1,758.6,17.36,119.4,915.3,0.2914,0.1242,0.2364,0.6872,0.2135,0.5046
25.73,174.2,1,2010.0,33.13,229.3,3234.0,0.3368,0.1913,0.2363,0.6451,0.2756,0.5937
15.08,98.0,1,716.6,18.51,121.2,1050.0,0.1235,0.06553,0.09769,0.4029,0.1526,0.2356
11.14,71.24,0,384.6,12.12,79.62,453.5,0.04505,0.01471,0.06064,0.1201,0.03922,0.1256
12.56,81.92,0,485.8,13.37,89.02,547.4,0.103,0.04391,0.1038,0.2388,0.09265,0.2002
13.05,85.09,0,512.0,14.19,94.22,591.2,0.09603,0.05603,0.1304,0.2573,0.1258,0.2658
13.87,88.52,0,593.7,15.11,96.74,694.4,0.01502,0.02088,0.05492,0.05285,0.05556,0.1008
8.878,56.74,0,241.0,9.981,65.27,302.0,0.04721,0.02381,0.07698,0.09441,0.04762,0.1248
9.436,59.82,0,278.6,12.02,75.79,439.6,0.0271,0.01406,0.05956,0.1144,0.05052,0.1049
12.54,79.42,0,491.9,13.72,86.82,585.7,0.001194,0.005449,0.0265,0.003581,0.01635,0.04327
13.3,85.24,0,546.1,14.2,92.94,621.2,0.03344,0.02424,0.06373,0.1212,0.05614,0.1667
12.76,81.87,0,496.6,13.75,87.82,579.7,0.02688,0.01781,0.07952,0.1255,0.08312,0.1839
16.5,106.6,0,838.1,18.13,117.2,1009.0,0.05862,0.04835,0.08468,0.1663,0.09123,0.1679
13.4,85.48,0,552.4,14.73,93.76,663.5,0.02181,0.01473,0.05696,0.1364,0.06987,0.1676
20.44,133.8,1,1293.0,24.31,161.2,1780.0,0.09799,0.07785,0.1131,0.2702,0.1765,0.2376
20.2,133.7,1,1234.0,24.19,160.0,1671.0,0.1641,0.1265,0.1669,0.3703,0.2152,0.3416
12.21,78.31,0,458.4,14.29,93.85,624.6,0.04392,0.02027,0.07175,0.2413,0.08829,0.217
21.71,140.9,1,1546.0,30.75,199.5,3143.0,0.1168,0.08465,0.08562,0.2861,0.182,0.1628
22.01,147.2,1,1482.0,27.66,195.0,2227.0,0.2448,0.1501,0.1954,0.4756,0.2432,0.3885
16.35,109.0,1,840.4,19.38,129.3,1165.0,0.1811,0.08773,0.1497,0.7087,0.2248,0.4665
15.19,97.65,0,711.8,16.2,104.5,819.1,0.03393,0.02657,0.06934,0.1362,0.08178,0.1737
21.37,141.3,1,1386.0,22.69,152.1,1535.0,0.1932,0.1255,0.1515,0.4024,0.1966,0.284
20.64,134.8,1,1335.0,25.37,166.8,1946.0,0.1527,0.08941,0.1076,0.4159,0.2112,0.3055
13.69,87.84,0,579.1,14.84,99.16,670.6,0.02556,0.02031,0.06374,0.1346,0.06987,0.2096
16.17,106.3,0,788.5,16.97,113.1,861.5,0.06651,0.05397,0.1438,0.2114,0.1251,0.255
10.57,70.15,0,338.3,10.85,76.51,351.9,0.228,0.05941,0.166,0.603,0.1465,0.3619
13.46,85.89,0,562.1,14.69,97.11,680.6,0.01271,0.01117,0.04726,0.07934,0.05781,0.1457
13.66,88.27,0,580.6,14.54,97.96,657.0,0.04249,0.02471,0.07548,0.2569,0.1054,0.3104
11.08,73.3,1,361.6,13.24,91.76,508.1,0.1689,0.06367,0.2154,0.8402,0.2524,0.9379
11.27,73.16,0,386.3,12.84,84.93,476.1,0.079,0.0555,0.1111,0.2247,0.1318,0.2429
11.04,70.67,0,372.7,12.09,79.73,447.1,0.03546,0.02074,0.07079,0.1553,0.06754,0.1982
12.05,78.75,0,447.8,12.57,87.36,488.4,0.07943,0.02978,0.1073,0.2912,0.1092,0.3214
12.39,80.64,0,462.9,14.18,95.23,600.5,0.05892,0.0288,0.1297,0.3206,0.09804,0.3593
13.28,85.79,0,541.8,14.24,96.59,623.7,0.05077,0.02864,0.08575,0.2866,0.09173,0.2685
14.6,93.97,1,664.7,15.79,102.2,758.2,0.0839,0.05271,0.06636,0.2675,0.1359,0.1581
12.21,78.78,0,462.0,13.13,87.65,529.9,0.06839,0.02534,0.07823,0.3076,0.0914,0.2431
13.88,88.37,0,596.6,15.51,99.66,745.3,0.02045,0.008507,0.04831,0.1091,0.04537,0.1233
11.27,73.38,0,392.0,12.04,79.73,450.0,0.1007,0.02757,0.1114,0.3021,0.08272,0.2809
19.55,128.9,1,1174.0,20.82,142.0,1313.0,0.1856,0.1021,0.1318,0.3829,0.1825,0.2414
10.26,65.75,0,321.6,11.38,73.23,394.5,0.01923,0.01968,0.07542,0.08615,0.06696,0.165
8.734,55.27,0,234.3,10.17,64.01,317.0,0.0,0.0,0.07428,0.0,0.0,0.131
15.49,102.4,1,744.7,21.2,142.1,1359.0,0.1891,0.09113,0.1562,0.5553,0.2121,0.3913
21.61,144.4,1,1407.0,26.23,172.0,2081.0,0.281,0.1562,0.2087,0.7053,0.2422,0.5717
12.1,78.07,0,446.2,13.56,88.33,559.5,0.04783,0.03326,0.09758,0.1603,0.06266,0.1773
14.06,89.75,0,609.1,14.92,96.42,684.5,0.02681,0.03251,0.05361,0.0846,0.07911,0.1231
13.51,88.1,0,558.1,14.8,97.33,675.2,0.0858,0.05381,0.1147,0.3438,0.1453,0.257
12.8,83.05,0,508.3,13.74,90.72,591.0,0.0739,0.04083,0.08895,0.1901,0.08296,0.1812
11.06,70.31,0,378.2,12.68,80.79,496.7,0.02712,0.007246,0.04768,0.2079,0.05556,0.1879
11.8,75.26,0,431.9,13.45,86.0,562.0,0.02853,0.01638,0.06232,0.1449,0.05356,0.1726
17.91,124.4,1,994.0,20.8,149.6,1304.0,0.3189,0.1198,0.2576,0.9034,0.1964,0.5917
11.93,76.14,0,442.7,13.8,87.64,589.5,0.02606,0.01796,0.05242,0.1514,0.06876,0.1575
12.96,84.18,0,525.2,14.13,96.31,621.9,0.04057,0.01883,0.07899,0.1604,0.06608,0.2318
12.94,83.18,0,507.6,13.86,89.69,580.9,0.03296,0.0239,0.08836,0.181,0.08388,0.1958
12.34,78.29,0,469.1,13.18,84.11,533.1,0.02109,0.02054,0.04571,0.04921,0.04793,0.06744
10.94,70.39,0,370.0,12.4,82.76,472.4,0.04944,0.02932,0.0746,0.1412,0.07887,0.1644
16.14,104.3,0,800.0,17.71,115.9,947.9,0.055,0.04528,0.08501,0.231,0.1129,0.1722
12.85,82.63,0,514.5,14.4,91.63,645.8,0.06126,0.01867,0.08316,0.1838,0.05601,0.1936
17.99,117.8,1,991.7,21.08,138.1,1349.0,0.1201,0.08824,0.1304,0.3301,0.1974,0.3735
12.27,78.41,0,466.1,14.1,89.0,610.2,0.03211,0.02653,0.06526,0.1377,0.09532,0.1795
11.36,72.49,0,399.8,13.05,85.07,521.3,0.02783,0.021,0.05313,0.1811,0.08698,0.1622
11.04,70.92,0,373.2,12.41,79.93,471.4,0.03046,0.0248,0.07804,0.1067,0.07431,0.1482
9.397,59.75,0,268.8,9.965,66.61,301.0,0.03735,0.005128,0.06053,0.1868,0.02564,0.1887
14.99,97.53,0,693.7,16.76,110.2,867.1,0.06859,0.03876,0.1025,0.3114,0.1308,0.3345
15.13,96.71,1,719.5,17.26,110.1,931.4,0.04686,0.02739,0.04605,0.1547,0.06575,0.09866
11.89,76.39,0,433.8,13.05,85.09,522.9,0.02555,0.02179,0.0812,0.1164,0.08263,0.2187
9.405,59.6,0,271.2,10.85,68.73,359.4,0.02047,0.01257,0.06159,0.06141,0.0377,0.1193
15.5,102.9,1,803.1,23.17,157.1,1748.0,0.1522,0.08481,0.1571,0.4211,0.2134,0.4002
12.7,80.88,0,495.0,13.65,88.12,566.9,0.0236,0.02402,0.05794,0.09385,0.08224,0.1607
11.16,70.95,0,380.3,12.36,79.26,458.0,0.008955,0.01076,0.05978,0.03582,0.04306,0.1108
11.57,74.2,0,409.7,13.07,86.43,520.5,0.05485,0.01428,0.07722,0.256,0.06664,0.1937
14.69,98.22,0,656.1,16.46,114.1,809.2,0.145,0.063,0.1836,0.3219,0.1108,0.3635
11.61,75.46,0,408.2,12.64,81.93,475.7,0.07097,0.04497,0.1168,0.2302,0.1105,0.217
13.66,89.46,0,575.3,15.14,101.4,708.8,0.09657,0.04812,0.1147,0.366,0.1407,0.3167
9.742,61.93,0,289.7,11.21,71.79,380.9,0.008934,0.01967,0.08333,0.02085,0.04589,0.1352
10.03,63.19,0,307.3,11.11,69.92,376.3,0.00247,0.005159,0.03912,0.01235,0.02579,0.07094
10.48,67.49,0,333.6,12.13,81.41,440.4,0.06335,0.02218,0.1013,0.2939,0.0931,0.2996
10.8,68.79,0,359.9,12.76,83.69,489.5,0.03614,0.01404,0.05743,0.1927,0.07485,0.1696
11.13,70.47,0,381.1,11.68,74.35,421.1,0.01369,0.0137,0.03834,0.0458,0.04044,0.06219
12.72,80.98,0,501.3,13.82,88.87,586.8,0.01402,0.01835,0.04522,0.03469,0.03612,0.09605
14.9,102.1,1,685.0,16.35,125.4,832.7,0.2733,0.09711,0.2225,0.9019,0.2475,0.709
12.4,81.47,0,467.8,12.88,89.61,515.8,0.07741,0.02799,0.1316,0.2403,0.0737,0.2629
20.18,133.8,1,1250.0,22.03,146.0,1479.0,0.2133,0.1259,0.1489,0.5308,0.2173,0.2942
18.82,123.7,1,1110.0,22.66,145.3,1603.0,0.1594,0.08744,0.1389,0.3912,0.1708,0.3463
14.86,94.89,0,673.7,16.31,102.3,777.5,0.03346,0.02877,0.07074,0.122,0.07971,0.155
13.98,91.12,1,599.5,17.04,113.9,869.3,0.1126,0.06463,0.1133,0.4069,0.1827,0.3568
12.87,82.67,0,509.2,14.45,95.14,626.9,0.01797,0.0209,0.07883,0.07127,0.06384,0.1652
14.04,89.78,0,611.2,15.66,101.2,750.0,0.03534,0.02944,0.05895,0.1117,0.07453,0.1252
13.85,88.68,0,592.6,15.63,100.9,749.1,0.01342,0.02293,0.0633,0.04753,0.0589,0.1141
14.02,89.59,0,606.5,14.91,96.53,688.9,0.02087,0.02652,0.05581,0.0626,0.08216,0.1017
10.97,71.73,0,371.5,12.36,90.14,476.4,0.09457,0.03613,0.1113,0.4779,0.1555,0.4082
17.27,112.4,1,928.8,20.38,132.8,1284.0,0.1204,0.05736,0.1109,0.5036,0.1739,0.4122
13.78,88.37,0,585.9,15.27,97.9,706.6,0.01055,0.009937,0.06718,0.03517,0.03312,0.1071
10.57,66.82,0,340.9,10.94,69.35,366.3,0.01993,0.01111,0.04462,0.03986,0.02222,0.06542
18.03,117.5,1,990.0,20.38,133.3,1292.0,0.109,0.06254,0.1232,0.429,0.1535,0.2666
11.99,77.61,0,441.3,12.98,84.48,513.9,0.05441,0.04274,0.09218,0.1609,0.1202,0.1822
17.75,117.3,1,981.6,21.53,145.4,1437.0,0.1698,0.08293,0.1314,0.6399,0.197,0.3762
14.8,95.88,0,674.8,16.43,105.9,829.5,0.04069,0.0226,0.0889,0.206,0.08308,0.1881
14.53,94.25,0,659.7,16.3,108.1,830.5,0.08817,0.02925,0.078,0.3779,0.09594,0.2649
21.1,138.1,1,1384.0,25.68,168.2,2022.0,0.1572,0.1155,0.1175,0.4399,0.228,0.3101
11.87,76.83,0,432.0,12.79,83.51,507.2,0.08777,0.02386,0.1064,0.3218,0.0875,0.3399
19.59,127.7,1,1191.0,21.44,139.8,1421.0,0.1655,0.09063,0.09871,0.3977,0.1466,0.1845
12.0,76.77,0,442.5,13.09,85.07,523.7,0.04055,0.01945,0.0645,0.1811,0.07116,0.1856
14.53,93.86,0,644.2,15.8,103.1,749.9,0.06895,0.06495,0.09242,0.1373,0.1069,0.1478
12.62,80.62,0,492.9,14.34,91.62,633.5,0.02966,0.02272,0.0543,0.1887,0.09851,0.1517
13.38,86.34,0,557.2,15.05,96.69,705.6,0.02819,0.03264,0.07426,0.07003,0.07763,0.1421
11.63,74.87,0,415.1,13.12,86.04,527.8,0.0716,0.02017,0.08574,0.2923,0.06835,0.2031
13.21,84.1,0,537.9,14.35,91.29,632.9,0.02772,0.02068,0.05205,0.139,0.06005,0.1063
13.0,82.61,0,520.2,14.34,91.06,628.5,0.01206,0.01762,0.05073,0.04462,0.05921,0.1093
9.755,61.68,0,290.9,10.67,68.03,349.9,0.01541,0.01043,0.04626,0.0719,0.04866,0.1109
17.08,111.2,1,930.9,22.96,152.1,1648.0,0.1007,0.06431,0.111,0.2639,0.1555,0.2444
27.42,186.9,1,2501.0,36.04,251.2,4254.0,0.3635,0.1689,0.1988,0.6833,0.2625,0.4256
14.4,92.25,0,646.1,15.4,100.4,734.6,0.03476,0.01737,0.05223,0.1472,0.05563,0.146
11.6,73.88,0,412.7,12.77,82.68,495.1,0.03367,0.01777,0.05855,0.186,0.08288,0.1808
13.17,84.28,0,537.3,14.9,95.1,687.6,0.04859,0.0287,0.05994,0.1876,0.1045,0.1965
13.24,86.87,0,542.9,15.44,115.0,733.5,0.101,0.02833,0.1223,0.6556,0.1357,0.5646
13.14,85.98,0,536.9,14.8,100.9,689.1,0.1085,0.0351,0.1089,0.4504,0.1181,0.3549
9.668,61.06,0,286.3,11.15,71.11,380.2,0.01479,0.005769,0.05428,0.06409,0.025,0.1255
17.6,119.0,1,980.5,21.57,143.6,1437.0,0.2136,0.1002,0.2004,0.5165,0.1996,0.4785
11.62,76.38,0,408.8,13.36,88.14,528.1,0.102,0.05564,0.1483,0.3186,0.1416,0.2878
9.667,61.49,0,289.1,11.14,70.88,385.2,0.02948,0.01514,0.06258,0.1277,0.0656,0.1542
12.04,76.85,0,449.9,13.6,87.24,567.6,0.02367,0.02377,0.06,0.05524,0.05547,0.09726
14.92,96.45,0,686.9,17.18,112.0,906.6,0.05539,0.03221,0.08549,0.3151,0.1147,0.2791
12.27,77.42,0,465.4,13.45,85.08,558.9,0.0,0.0,0.03398,0.0,0.0,0.05213
10.88,70.41,0,358.9,11.94,80.78,433.1,0.05115,0.01571,0.1069,0.3365,0.07966,0.3898
12.83,82.89,0,506.9,14.09,93.22,605.8,0.05835,0.03078,0.08269,0.3476,0.09783,0.261
14.2,92.41,0,618.4,16.45,112.1,828.5,0.05063,0.03058,0.1108,0.2512,0.1339,0.3429
13.9,88.97,0,599.4,15.14,101.2,718.9,0.02224,0.01339,0.05319,0.1384,0.06222,0.2006
11.49,73.99,0,404.9,12.4,82.04,467.6,0.05308,0.01969,0.08228,0.2596,0.07431,0.201
16.25,109.8,1,815.8,17.39,122.1,939.7,0.2236,0.09194,0.1893,0.5897,0.1775,0.4462
12.16,78.29,0,455.3,13.34,88.83,547.4,0.02916,0.01527,0.07838,0.162,0.0569,0.2279
13.9,88.73,0,602.9,16.41,104.4,830.5,0.02995,0.0207,0.05326,0.1673,0.0815,0.1415
13.47,87.32,0,546.3,14.83,94.94,660.2,0.05786,0.05266,0.1155,0.1848,0.1335,0.2499
13.7,87.76,0,571.1,14.96,95.78,686.5,0.04548,0.0316,0.07957,0.1742,0.09077,0.1346
15.73,102.8,0,747.2,17.01,112.5,854.3,0.1191,0.06211,0.1299,0.4004,0.1452,0.2979
12.45,82.85,0,476.7,13.78,97.82,580.6,0.1544,0.04846,0.1511,0.4896,0.1342,0.4061
14.64,94.21,0,666.0,16.46,106.0,831.0,0.05192,0.02791,0.06698,0.2437,0.07828,0.207
19.44,128.1,1,1167.0,23.96,153.9,1740.0,0.2256,0.1194,0.1448,0.5936,0.206,0.3725
11.68,75.49,0,420.5,13.32,86.57,549.8,0.04279,0.03132,0.09263,0.149,0.09815,0.1477
16.69,107.1,1,857.6,19.18,127.3,1084.0,0.03649,0.02307,0.07112,0.2477,0.08737,0.292
12.25,78.18,0,466.5,14.17,92.74,622.9,0.01714,0.01261,0.052,0.123,0.06335,0.1804
17.85,114.6,0,992.1,19.82,127.1,1210.0,0.04445,0.04178,0.06217,0.1048,0.08341,0.09976
18.01,118.4,1,1007.0,21.53,143.4,1426.0,0.117,0.07762,0.1289,0.2544,0.1489,0.2327
12.46,78.83,0,477.3,13.19,83.24,534.0,0.007173,0.01149,0.04043,0.01674,0.0268,0.06477
13.16,84.06,0,538.7,14.5,95.29,648.3,0.018,0.01256,0.05275,0.07698,0.04195,0.1646
14.87,96.12,0,680.9,16.01,103.9,783.6,0.06824,0.04951,0.08345,0.17,0.1017,0.1388
12.65,82.69,0,485.6,14.38,95.29,633.7,0.08017,0.05074,0.1334,0.3582,0.1407,0.3842
12.47,80.45,0,480.1,14.06,92.82,607.3,0.03609,0.02369,0.0763,0.2028,0.1053,0.2506
18.49,121.3,1,1068.0,22.75,146.4,1600.0,0.1491,0.09183,0.1317,0.3533,0.1663,0.3089
20.59,137.8,1,1320.0,23.86,163.2,1760.0,0.2188,0.1121,0.1644,0.5179,0.2113,0.3597
15.04,98.73,0,689.4,16.76,109.7,856.9,0.07721,0.06142,0.1364,0.1856,0.1018,0.2176
13.82,92.33,1,595.9,16.01,106.0,788.0,0.1357,0.06759,0.1681,0.3381,0.1521,0.3966
12.54,81.25,0,476.3,13.57,86.67,552.0,0.05928,0.03279,0.1085,0.1889,0.08411,0.1751
23.09,152.1,1,1682.0,30.79,211.5,2782.0,0.1676,0.1003,0.1275,0.3794,0.2264,0.3625
9.268,61.49,0,248.7,10.28,69.05,300.2,0.0973,0.05252,0.2239,0.2099,0.1025,0.3441
9.676,64.12,0,272.5,10.6,69.47,328.1,0.1188,0.07038,0.2204,0.2913,0.1075,0.3663
12.22,79.47,0,453.1,13.16,85.13,515.3,0.08175,0.02166,0.1152,0.3535,0.08088,0.2315
11.06,71.25,0,366.5,11.69,76.08,411.1,0.04063,0.04268,0.1071,0.1256,0.09514,0.2031
16.3,104.7,0,819.8,17.32,109.8,928.2,0.05526,0.04563,0.06712,0.1947,0.1357,0.1361
15.46,103.8,1,731.3,17.11,117.7,909.4,0.203,0.0852,0.187,0.5911,0.2163,0.4967
11.74,76.31,0,426.0,12.45,81.25,473.8,0.06726,0.02639,0.09661,0.269,0.1056,0.2793
14.81,94.66,0,680.7,15.61,101.7,760.2,0.03416,0.02541,0.05016,0.1101,0.07955,0.1011
13.4,88.64,1,556.7,16.41,113.3,844.4,0.1445,0.08172,0.1469,0.5106,0.2051,0.3856
14.58,94.29,0,658.8,16.76,108.5,862.0,0.08222,0.04349,0.08918,0.2492,0.09186,0.1928
15.05,97.26,1,701.9,17.58,113.8,967.0,0.07486,0.04335,0.08597,0.2866,0.112,0.2101
11.34,72.76,0,391.2,12.47,79.15,478.6,0.04302,0.02594,0.08499,0.1624,0.08542,0.1574
18.31,120.8,1,1052.0,21.86,142.2,1493.0,0.1569,0.09451,0.1248,0.3759,0.151,0.2536
19.89,130.5,1,1214.0,23.73,160.5,1646.0,0.1411,0.09431,0.131,0.4185,0.1613,0.3309
12.88,84.45,0,493.1,15.05,99.31,674.7,0.04825,0.05303,0.1661,0.1246,0.1096,0.2961
12.75,82.51,0,493.8,14.45,93.63,624.1,0.0388,0.02995,0.1117,0.1423,0.08045,0.1979
9.295,59.96,0,257.8,10.57,67.84,326.6,0.03332,0.02421,0.1225,0.09996,0.07262,0.2097
24.63,165.5,1,1841.0,29.92,205.7,2642.0,0.231,0.1471,0.2106,0.4658,0.2475,0.4188
11.26,71.3,0,388.1,11.93,76.38,435.9,0.005067,0.005664,0.04413,0.02533,0.02832,0.07723
13.71,88.73,0,571.0,15.11,99.43,701.9,0.05385,0.03783,0.107,0.1935,0.1284,0.2566
9.847,63.0,0,293.2,11.24,74.32,376.5,0.0233,0.02416,0.08419,0.08434,0.06528,0.2243
8.571,54.53,0,221.3,9.473,63.3,275.6,0.02565,0.0151,0.07632,0.1754,0.08512,0.2235
13.46,87.44,0,551.1,15.35,101.9,719.8,0.04201,0.03152,0.1138,0.2654,0.1427,0.3124
12.34,78.94,0,468.5,13.61,87.22,564.9,0.02958,0.02647,0.06307,0.1791,0.107,0.2074
13.94,90.31,0,594.2,14.62,94.52,653.3,0.101,0.06615,0.09755,0.1559,0.1015,0.1364
12.07,77.83,0,445.2,13.45,86.92,549.9,0.03781,0.02798,0.09009,0.1622,0.07393,0.1632
11.75,75.89,0,422.9,13.5,88.52,552.3,0.05282,0.0444,0.09713,0.1366,0.101,0.1854
11.67,75.21,0,416.2,13.35,87.0,550.6,0.042,0.02157,0.09453,0.2758,0.0812,0.2964
13.68,87.76,0,575.5,15.85,101.6,773.4,0.01752,0.0188,0.07255,0.1206,0.08704,0.1564
20.47,134.7,1,1299.0,23.23,152.0,1645.0,0.1523,0.1015,0.1313,0.3092,0.1613,0.2534
10.96,70.79,0,365.6,11.62,76.43,407.5,0.05263,0.02788,0.09752,0.2123,0.09861,0.251
20.55,137.8,1,1308.0,24.3,160.2,1809.0,0.2085,0.1322,0.1739,0.4433,0.2148,0.3135
14.27,93.77,1,629.8,15.29,104.3,728.3,0.1463,0.06139,0.1154,0.4234,0.1362,0.2733
11.69,76.37,0,406.4,12.98,86.12,487.7,0.04515,0.04531,0.1552,0.1395,0.1308,0.3251
7.729,47.98,0,178.8,9.077,57.17,248.0,0.0,0.0,0.04878,0.0,0.0,0.0834
7.691,48.34,0,170.4,8.678,54.49,223.6,0.09252,0.01364,0.1199,0.3393,0.05,0.3064
11.54,74.65,0,402.9,12.26,78.78,457.8,0.06737,0.02594,0.112,0.1797,0.06918,0.2118
14.47,95.81,0,656.4,16.22,113.5,808.9,0.1009,0.0389,0.123,0.404,0.1205,0.4202
14.74,94.7,0,668.6,16.51,107.4,826.4,0.04105,0.03027,0.07214,0.1611,0.1095,0.1376
13.21,84.88,0,538.4,14.37,92.48,629.6,0.02987,0.03275,0.06877,0.1062,0.07958,0.1381
13.87,89.77,0,584.8,15.05,99.17,688.6,0.03688,0.02369,0.1018,0.1377,0.06845,0.2037
13.62,87.19,0,573.2,15.35,97.58,729.8,0.02974,0.02443,0.06747,0.1049,0.07174,0.1517
10.32,65.31,0,324.9,11.25,71.12,384.9,0.01012,0.005495,0.04994,0.04384,0.02381,0.08842
10.26,65.85,0,320.8,10.83,71.08,357.4,0.04358,0.02438,0.08066,0.1783,0.08333,0.2246
9.683,61.05,0,285.7,10.93,69.1,364.2,0.02337,0.009615,0.0503,0.0935,0.03846,0.09546
10.82,68.89,0,361.6,13.03,83.9,505.6,0.01548,0.00816,0.06602,0.06194,0.03264,0.1633
10.86,68.51,0,360.5,11.66,74.08,412.3,0.0,0.0,0.04227,0.0,0.0,0.07348
11.13,71.49,0,378.4,12.02,77.8,436.6,0.04824,0.02257,0.08194,0.1564,0.06413,0.1782
12.77,81.35,0,507.9,13.87,88.1,594.7,0.01997,0.01499,0.04234,0.08653,0.06498,0.1064
9.333,59.01,0,264.0,9.845,62.86,295.8,0.03996,0.01282,0.05605,0.07993,0.02564,0.08298
12.88,82.5,0,514.3,13.89,88.84,595.7,0.06195,0.02343,0.05824,0.2439,0.06493,0.162
10.29,65.67,0,321.4,10.84,69.57,357.6,0.05999,0.02738,0.07658,0.2,0.09127,0.171
10.16,64.73,0,311.7,10.65,67.88,347.3,0.005025,0.01116,0.07504,0.01005,0.02232,0.12
9.423,59.26,0,271.3,10.49,66.5,330.6,0.0,0.0,0.04971,0.0,0.0,0.07158
14.59,96.39,0,657.1,15.48,105.9,733.5,0.1029,0.03736,0.133,0.3662,0.1105,0.3171
11.51,74.52,0,403.5,12.48,82.28,474.2,0.1112,0.04105,0.1021,0.363,0.09653,0.2517
14.05,91.38,0,600.4,15.3,100.2,706.7,0.04462,0.04304,0.1126,0.1326,0.1048,0.2264
11.2,70.67,0,386.0,11.92,75.19,439.6,0.0,0.0,0.03558,0.0,0.0,0.05494
15.22,103.4,1,716.9,17.52,128.7,915.0,0.255,0.09429,0.2087,1.17,0.2356,0.7917
20.92,143.0,1,1347.0,24.29,179.1,1819.0,0.3174,0.1474,0.2236,0.6599,0.2542,0.4186
21.56,142.0,1,1479.0,25.45,166.1,2027.0,0.2439,0.1389,0.1159,0.4107,0.2216,0.2113
20.13,131.2,1,1261.0,23.69,155.0,1731.0,0.144,0.09791,0.1034,0.3215,0.1628,0.1922
16.6,108.3,1,858.1,18.98,126.7,1124.0,0.09251,0.05302,0.1023,0.3403,0.1418,0.3094
20.6,140.1,1,1265.0,25.74,184.6,1821.0,0.3514,0.152,0.277,0.9387,0.265,0.8681
7.76,47.92,0,181.0,9.456,59.16,268.6,0.0,0.0,0.04362,0.0,0.0,0.06444
